Wild Apricot Reference,Default Text,Replacement Text,Function,Query,Style,Notes
,,,,,,
CONTACT PROFILES WEBSITE,,,,,,
WaGadgetContactProfile,,,,,,
WaGadgetContactProfile,My Profile ,Mon Profil  ,text,#id_swUzzgD > div > h2,,
WaGadgetContactProfile,Forum subscriptions,Abonnements au Forum,text,#FunctionalBlock1_ctl00_ctl00_Subscriptions_sectionSubscribeToForums,,Email subscriptions
WaGadgetContactProfile,Email subscriptions,Abonnement aux courriels,text,#FunctionalBlock1_ctl00_ctl00_subscriptionsTabLink,,
WaGadgetContactProfile,Email subscriptions,Abonnement aux courriels,text,#FunctionalBlock1_ctl00_ctl00_subscriptionsTabLabel,,Email subscriptions
WaGadgetContactProfile,Email subscriptions,Abonnement aux courriels,text,#ctl00_ContentArea_subscriptionsTabLink,,
WaGadgetContactProfile,Upcoming,À venir,replace,#eventRegistrationsFilter > option:nth-child(2),,
WaGadgetContactProfile,My Profile ,Mon Profil  ,replace,#id_swUzzgD > div > h2,,
WaGadgetContactProfile,Edit Profile ,Modifier mon profil,button,#FunctionalBlock1_ctl00_ctl00_editButtonTop,,
,,,,,,
WaGadgetContactProfile links,,,,,,
WaGadgetContactProfile links,My directory profile,Mon profil d'annuaire,replace,#FunctionalBlock1_ctl00_ctl00_memberDirectoryDetailsLink,,
WaGadgetContactProfile links,Profile ,Profil,replace,#FunctionalBlock1_ctl00_ctl00_profileTabLabel,,
WaGadgetContactProfile links,Privacy,Confidentialité,replace,#FunctionalBlock1_ctl00_ctl00_privacyTabLink,,
WaGadgetContactProfile links,Email subscriptions,Abonnement aux courriels,replace,#FunctionalBlock1_ctl00_ctl00_subscriptionsTabLink,,
WaGadgetContactProfile links,Member photo albums,Albums photos des membres,replace,#FunctionalBlock1_ctl00_ctl00_photoGalleryTabLink,,
WaGadgetContactProfile links,My event registration,Mes inscriptions aux événements,replace,#FunctionalBlock1_ctl00_ctl00_eventRegistrationsTabLink,,
WaGadgetContactProfile links,Invoice and payments,Factures et paiements,replace,#FunctionalBlock1_ctl00_ctl00_invoicesTabLink,,
WaGadgetContactProfile links,Donations,Donations,replace,#FunctionalBlock1_ctl00_ctl00_donationsTabLink,,
,,,,,,
,My profile,Mon profil,replace,#id_bwHsR1l > div > ul > li.last,,
,Profile,Profil,text,#FunctionalBlock1_ctl00_ctl00_profileTabLink,,
Sys/Contact Profile ,Profile,Profil,text,#ctl00_ContentArea_accessTabLink,,
Sys/Contact Profile ,Membership details,Détails de l'adhésion,replace,#idCaptionMembershipDetailsContainer > div.captionContainer > div > div > div > div > div > div > div > div > div > div > div.fieldBody > h4,,
Sys/Contact Profile ,Membership card,Carte de membre,replace,#idMembershipCardContainer > div > table > tbody > tr > td.left > div > span,,
Sys/Contact Profile ,Image optimized for smartphones,Image optimisée pour les téléphones intelligents,replace,#FunctionalBlock1_ctl00_ctl00_Membership_lbDownLoadImage,,
Sys/Contact Profile ,Printable PDF,PDF imprimable,replace,#FunctionalBlock1_ctl00_ctl00_Membership_lbDownLoadPdf,,
Sys/Contact Profile ,Membership level,Niveau d'adhésion,replace,#FunctionalBlock1_ctl00_ctl00_Membership_titleMembershipLevel,,
Sys/Contact Profile ,Membership status,Statut de membre,replace,#FunctionalBlock1_ctl00_ctl00_Membership_titleStatus,,
Sys/Contact Profile ,Active,Actif,replace,#idMemberStatusContainer > div > div.fieldBody > strong,,
Sys/Contact Profile - Level Info,Pending,,,,,
Sys/Contact Profile - Level Info,Lapsed,,,,,
Sys/Contact Profile - Level Info,Renewal overdue,,,,,
Sys/Contact Profile ,Never,Jamais,replace,#FunctionalBlock1_ctl00_ctl00_Membership_viewExpirationDate,,
Sys/Contact Profile ,Member since,Membre depuis,replace,#FunctionalBlock1_ctl00_ctl00_Membership_titleCreatedOn,,
Sys/Contact Profile ,Renewal due on,Renouvellement dû le,replace,#FunctionalBlock1_ctl00_ctl00_Membership_titleExpirationDate,,
Sys/Contact Profile ,User ID,Nom d'utilisateur ,replace,#idContainer8033242 > div > div.fieldLabel > span,,
Sys/Contact Profile ,First name,Prénom,replace,#FunctionalBlock1_ctl00_ctl00_MemberForm_memberFormRepeater_ctl02_titleLabel,,
Sys/Contact Profile ,Last name,Nom de famille,replace,#FunctionalBlock1_ctl00_ctl00_MemberForm_memberFormRepeater_ctl03_titleLabel,,
Sys/Contact Profile ,Email,Courriel,replace,#idContainer8033237 > div > div.fieldLabel > span,,
Sys/Contact Profile ,Phone,Téléphone,replace,#FunctionalBlock1_ctl00_ctl00_MemberForm_memberFormRepeater_ctl05_titleLabel,,
Sys/Contact Profile ,Social network login,Connexion au réseau social,replace,#idSocialLoginContainer > div.captionContainer > div > div > div > div > div > div > div > div > div > div > div.fieldBody > h4,,
WaGadgetContactProfile  Membership Status/Sidebar,Membership has lapsed,L'adhésion a expiré,replace,#contentBalancePanelId>ul>li>a,,
WaGadgetContactProfile  Membership Status/Sidebar,Balance due:,Solde dû:,replace,#contentBalancePanelId>ul>li>a,,
WaGadgetContactProfile  Membership Status/Sidebar,Membership renewal overdue,Le renouvellement de votre adhésion est en retard,inactive,#contentBalancePanelId>ul>li.first>a,,
WaGadgetContactProfile  Membership Status/Sidebar,Membership application pending,,inactive,#contentBalancePanelId ul>li.first>a,,
"WaGadgetContactProfile, Provinces",Alberta,Alberta,text,#FunctionalBlock1_ctl00_ctl00_MemberForm_memberFormRepeater_ctl19_DropDownList10899043 > option:nth-child(2),,the query field may need to be updated depending on where they are on the form
,British Columbia,British Columbia,text,#FunctionalBlock1_ctl00_ctl00_MemberForm_memberFormRepeater_ctl19_DropDownList10899043 > option:nth-child(3),,
,Manitoba,Manitoba,text,#FunctionalBlock1_ctl00_ctl00_MemberForm_memberFormRepeater_ctl19_DropDownList10899043 > option:nth-child(4),,
,New Brunswick,New Brunswick,text,#FunctionalBlock1_ctl00_ctl00_MemberForm_memberFormRepeater_ctl19_DropDownList10899043 > option:nth-child(5),,
,Newfoundland,Newfoundland,text,#FunctionalBlock1_ctl00_ctl00_MemberForm_memberFormRepeater_ctl19_DropDownList10899043 > option:nth-child(6),,
,Northwest Territories,Northwest Territories,text,#FunctionalBlock1_ctl00_ctl00_MemberForm_memberFormRepeater_ctl19_DropDownList10899043 > option:nth-child(7),,
,Nova Scotia,Nova Scotia,text,#FunctionalBlock1_ctl00_ctl00_MemberForm_memberFormRepeater_ctl19_DropDownList10899043 > option:nth-child(8),,
,Nunavut,Nunavut,text,#FunctionalBlock1_ctl00_ctl00_MemberForm_memberFormRepeater_ctl19_DropDownList10899043 > option:nth-child(9),,
,Ontario,Ontario,text,#FunctionalBlock1_ctl00_ctl00_MemberForm_memberFormRepeater_ctl19_DropDownList10899043 > option:nth-child(10),,
,Prince Edward Island,Prince Edward Island,text,#FunctionalBlock1_ctl00_ctl00_MemberForm_memberFormRepeater_ctl19_DropDownList10899043 > option:nth-child(11),,
,Quebec,Québec,text,#FunctionalBlock1_ctl00_ctl00_MemberForm_memberFormRepeater_ctl19_DropDownList10899043 > option:nth-child(12),,
,Saskatchewan,Saskatchewan,text,#FunctionalBlock1_ctl00_ctl00_MemberForm_memberFormRepeater_ctl19_DropDownList10899043 > option:nth-child(13),,
,Yukon,Yukon,text,#FunctionalBlock1_ctl00_ctl00_MemberForm_memberFormRepeater_ctl19_DropDownList10899043 > option:nth-child(14),,
,Newfoundland and Labrador,Newfoundland and Labrador,text,#FunctionalBlock1_ctl00_ctl00_MemberForm_memberFormRepeater_ctl19_DropDownList10899043 > option:nth-child(15),,
"WaGadgetContactProfile, Provinces",Outside of Canada,À l'extérieur du Canada,text,#FunctionalBlock1_ctl00_ctl00_MemberForm_memberFormRepeater_ctl19_DropDownList10899043 > option:nth-child(17),,
,,,,,,
Sys/Email member,Email member,,replace,#id_bwHsR1l > div > ul > li.last > span,,
Sys/Email member,Member details ,,replace,#idSendMailMainContainer > div.generalFormContainer > div > div > div > div > div > div > div > div > div > div > div.memberDirectoryDetailsHeaderContainer > h2,,
Sys/Email member,Send message,Envoyer un message,replace,.WaGadgetEmailMember #idSendMailMainContainer .generalFormContainer .formOuterContainer .captionOuterContainer .fieldBody h4,,
Sys/Email member,Mandatory fields,Objet du message,replace,#idSendEmailMainSectionContainer > div.sectionContainer > div > div > div > div > div > div > div > div > div > div > div.mandatoryFieldsTitle > strong,,
Sys/Email member,Message subject,Champs obligatoires,replace,#idMessageSubjectContainer > div > table > tbody > tr > td.left > div > strong,,
Sys/Email member,Body,Corps,replace,#idBodyContainer > div > div.fieldLabel > strong,,
Sys/Email member,Reply,Nom du signataire,replace,#idReplyNameContainer > div > table > tbody > tr > td.left > div > strong,,
Sys/Email member,Reply email,Courriel du signataire,replace,#idReplyEmailContainer > div > table > tbody > tr > td.left > div > strong,,
Sys/Email member,Send,Envoyer un message,button,#FunctionalBlock1_ctl00_sendButton,,
Sys/Email member,Cancel,Annuler,button,#FunctionalBlock1_ctl00_cancelButton,,
,,,,,,
Privacy,Privacy,Confidentialité,text,#FunctionalBlock1_ctl00_ctl00_privacyTabLabel,,
Privacy,Privacy,Confidentialité,text,#ctl00_ContentArea_accessTabLink,,
Privacy,Show profile to others,Montrer le profil aux autres,replace,#FunctionalBlock1_ctl00_ctl00_DetailsToShow_viewIncludeMeInMemberDirectory,,
Privacy,Details to show,Détails à afficher,replace,#FunctionalBlock1_ctl00_ctl00_DetailsToShow_sectionAdministrationAccess,,
Privacy,"(in member directories, forum and blog posts)","(dans les annuaires des membres, les forums et les articles de blog)",replace,#FunctionalBlock1_ctl00_ctl00_DetailsToShow_detailsToShowExplanationLabel,,
Privacy,Anybody,N'importe qui,replace,#memberFieldTable > tbody > tr:nth-child(1) > td:nth-child(2) > div > div.memberFieldHeadingTitle,,
Privacy,Members,Membres,replace,#memberFieldTable > tbody > tr:nth-child(1) > td:nth-child(3) > div > div.memberFieldHeadingTitle,,
Privacy,No Access,Pas d'accès,replace,#memberFieldTable > tbody > tr:nth-child(1) > td:nth-child(4) > div > div.memberFieldHeadingTitle,,
Privacy,Photo album,album photo,replace,#pgFieldLabelDiv > span,,
Privacy,Send message form,Envoyer un message de,replace,#memberFieldTable > tbody > tr:nth-child(3) > th > div > span,,
Privacy,Membership level,Niveau d'adhésion,replace,#memberFieldTable > tbody > tr:nth-child(4) > th > div > span,,
Privacy,User ID,Identifiant d'utilisateur,replace,#memberFieldTable > tbody > tr:nth-child(5) > th > span,,
Privacy,First name,Prénom,replace,#memberFieldTable > tbody > tr:nth-child(6) > th > span,,
Privacy,Last name,Nom de famille,replace,#memberFieldTable > tbody > tr:nth-child(7) > th > span,,
Privacy,Email,Courriel,replace,#memberFieldTable > tbody > tr:nth-child(8) > th > span,,
Privacy,Phone,Téléphone,replace,#memberFieldTable > tbody > tr:nth-child(9) > th > span,,
,,,,,,
Email subscriptions,,,,,,
Email subscriptions,Emailing preferences,Préférences de courriel,replace,#FunctionalBlock1_ctl00_ctl00_Subscriptions_sectionSubscribeToEvents,,
Email subscriptions,Emailing preferences are not set,Les préférences de courriel ne sont pas définies,replace,#FunctionalBlock1_ctl00_ctl00_Subscriptions_casl_tailLabel,,
Email subscriptions,Subscriptions,Souscriptions,replace,#FunctionalBlock1_ctl00_ctl00_Subscriptions_sectionSubscribeToNews,,
Email subscriptions,Subscribed,Souscrit,replace,#FunctionalBlock1_ctl00_ctl00_Subscriptions_eventReminders_frontLabel,,
Email subscriptions,Automatic event announcements.Receive advance announcements about upcoming events,Annonces automatiques aux événements. Recevez des annonces en avance sur les événements,text,#FunctionalBlock1_ctl00_ctl00_Subscriptions_eventReminders_tailLabel,,
Email subscriptions,Receive advance announcements about upcoming events,Annonces automatiques aux événements. Recevez des annonces en avance sur les événements,replace,#FunctionalBlock1_ctl00_ctl00_Subscriptions_eventReminders_tailNote,,
Email subscriptions,Subscribed,Souscrit,replace,#FunctionalBlock1_ctl00_ctl00_Subscriptions_emailNews_frontLabel,,
Email subscriptions,"Mass emails from administrators, such as newsletters and other important notifications","Courriels de masse des administrateurs, tels que des infolettres et d'autres notifications importantes",replace,#FunctionalBlock1_ctl00_ctl00_Subscriptions_emailNews_tailLabel,,
Email subscriptions,Forum subscriptions,Abonnements au Forum,replace,#FunctionalBlock1_ctl00_ctl00_Subscriptions_sectionSubscribeToForums,,
Email subscriptions,You can subscribe for updates in a particular forum or forum topic. Go to forum/topic page to subscribe.,Vous pouvez vous abonner aux mises à jour faites dans un forum ou un thème de forum particulier. Cliquez sur la page du forum/thème pour vous abonner.,replace,#FunctionalBlock1_ctl00_ctl00_Subscriptions_memberSubscriptionsDiv > div:nth-child(7) > div > div.fieldBody,,
,,,,,,
Member photo albums ,Member photo albums ,Albums photos des membres,text,#ctl00_ContentArea_photoGalleryTabLink,,
Member photo albums ,Member photo albums ,Albums photos des membres,replace,#FunctionalBlock1_ctl00_ctl00_photoGalleryTabLabel,,
Member photo albums ,No photos uploaded yet,Aucune photo téléchargée encore,replace,#FunctionalBlock1_ctl00_ctl00_NoPhotosLocalize,,
Member photo albums ,Create album ,Créer un album,button,#FunctionalBlock1_ctl00_ctl00_CreateAlbumButtonOnEmptyGalleryPanel,,
Member photo albums ,My Profile,Mon Profil  ,replace,.WaGadgetContactProfile .topButtonsOuterContainer .topButtonsContainer .inner input.typeButton,,
Member photo albums ,Edit Profile,Modifier mon profil,button,#FunctionalBlock1_ctl00_ctl00_editProfileButton,,
,Privacy,Confidentialité,text,#FunctionalBlock1_ctl00_ctl00_accessTabLink,,
,,,,,,
My events registrations,My event registrations,Mes inscriptions aux événements,text,#ctl00_ContentArea_registrationsTabLabel,,
My events registrations,Edit Profile,Modifier mon profil,button,#ctl00_ContentArea_editButtonTop,,
My events registrations,My directory profile,Mon profil d'annuaire,replace,#ctl00_ContentArea_memberDirectoryDetailsLink,,
My events registrations,Filter by,Filtrer par:,replace,#eventRegistrations > div > div.genericListHeaderContainer > table > tbody > tr > td.filter > div.eventHeaderLabel > span,,
My events registrations,Search,Chercher,replace,#eventRegistrations > div > div.genericListHeaderContainer > table > tbody > tr > td.searchBox.eventSearch > div.eventHeaderLabel > span,,
My events registrations,All,Tout,replace,#eventRegistrationsFilter > option:nth-child(1),,
My events registrations,Upcoming,A venir,replace,#eventRegistrationsFilter > option:nth-child(2),,
My events registrations,Past,Passé,replace,#eventRegistrationsFilter > option:nth-child(3),,
My events registrations,Records found: ,Résultats trouvés:,replace,#eventRegistrations > div > div.genericListHeaderContainer > table > tbody > tr > td.infoContainer > div > span,,
My events registrations,No event registrations found.,Aucune inscription aux événements trouvée,replace,#noRecordsLabel,,
,,,,,,
Invoices and payments,Invoices and payments,Factures et paiements,text,#ctl00_ContentArea_invoicesTabLabel,,
Invoices and payments,Invoices and payments,Factures et paiements,replace,#FunctionalBlock1_ctl00_ctl00_invoicesTabLink,,
Invoices and payments,Search,Chercher,replace,#idMemberInvoicesForm > div.genericList.xcontainer > div.genericListHeaderContainer > table > tbody > tr > td.searchBox > span,,
Invoices and payments,Records found: ,Résultats trouvés:,replace,#idRecordsFoundLabel,,
Invoices and payments,No records found.,Aucun résultat trouvé,replace,#idListItemsContainer > span,,
,Donations,Don,replace,#ctl00_ContentArea_donationsTabLabel,,
Donations,Donations,Don,replace,#FunctionalBlock1_ctl00_ctl00_donationsTabDiv,,
Donations,Search,Chercher,replace,#donations > div.genericList.xcontainer > div.genericListHeaderContainer > table > tbody > tr > td.searchBox > span,,
Donations,Records found: ,Résultats trouvés:,replace,#idRecordsFoundLabel,,
Donations,No records found.,Aucun résultat trouvé,replace,#noDonationsRecordsLabel,,
Donations ,Donation,Don,replace,#idGeneralFormContainer > div.generalFormContainer > div > div > div > div > div > div > div > div > div > div > div:nth-child(2) > div.formContainer > div > div > div > div > div > div > div > div > div > div > div.formTitleOuterContainer > div.formTitleContainer > div > div > div > div > div > div > div > div > div > div > h3,,
Donations ,Mandatory fields,Champs obligatoires,replace,#idGeneralFormContainer > div.generalFormContainer > div > div > div > div > div > div > div > div > div > div > div:nth-child(2) > div.formContainer > div > div > div > div > div > div > div > div > div > div > div.formTitleOuterContainer > div.formTitleContainer > div > div > div > div > div > div > div > div > div > div > div > strong,,
Donations ,First name,Prénom,replace,#FunctionalBlock1_ctl00_donation_ctl00_stepTemplate_donationForm_donationFormRepeater_ctl00_titleLabel,,
Donations ,Last name,Nom de famille,replace,#FunctionalBlock1_ctl00_donation_ctl00_stepTemplate_donationForm_donationFormRepeater_ctl01_titleLabel,,
Donations ,Email,Courriel,replace,#FunctionalBlock1_ctl00_donation_ctl00_stepTemplate_donationForm_donationFormRepeater_ctl02_titleLabel,,
Donations ,Phone,Téléphone,replace,#FunctionalBlock1_ctl00_donation_ctl00_stepTemplate_donationForm_donationFormRepeater_ctl03_titleLabel,,
Donations ,Amount ($CAD),Montant ($CAD),replace,#FunctionalBlock1_ctl00_donation_ctl00_stepTemplate_donationForm_donationFormRepeater_ctl04_titleLabel,,
Donations ,Comment,Commentaire,replace,#FunctionalBlock1_ctl00_donation_ctl00_stepTemplate_donationForm_donationFormRepeater_ctl05_titleLabel,,
Donations ,Pay,Payer,Button,#FunctionalBlock1_ctl00_donation_ctl00_stepTemplate_next,,
Donations ,Cancel ,Annuler,Button,input#FunctionalBlock1_ctl00_donation_ctl00_stepTemplate_cancel,,
,Profile,Profil,text,#ctl00_ContentArea_profileTabLink,,
,No records found.,Aucun résultat trouvé,text,#noDonationsRecordsLabel,,
,Back,Retour,replace,#FunctionalBlock1_ctl00_hlBackToProfile,,
,,,,,,
PASSWORD MANAGEMENT,,,,,,
Change Password/Top Login box link,,,,,,
Log out ,Log out,Se déconnecter,replace,a.loginBoxLogout,,
Log in ,Log in,Se connecter,replace,a.loginBoxLinkButton,,
Translation in Gadget Required,Please log in to continue,Veuillez vous connecter pour continuer,,,,
Translation in Gadget Required,Please login to continue to the page you have requested.,Veuillez vous connecter pour continuer sur la page que vous avez demandée.,,,,
,,,,,,
Sys/Change password,,,,,,
Sys/Change password,Change password ,Changer le mot de passe,replace,#id_kZ3ILBA > div > h2,,
Sys/Change password,Change password for,Changer le mot de passe pour,replace,#id_kZ3ILBA > div > h2,,
Sys/Change password,Current password,Mot de passe actuel,replace,#ctl00_ContentArea_OldPasswordLabel,,
Sys/Change password,New password,Nouveau mot de passe,replace,#ctl00_ContentArea_NewPasswordLabel,,
Sys/Change password,Confirm new password,Confirmer le nouveau mot de passe,replace,#ctl00_ContentArea_Label1,,
Sys/Change password,Save,Sauvegarder,replace,#ctl00_ContentArea_SubmitNewPasswordBtn,,
Sys/Change password,Cancel,Annuler,replace,#ctl00_ContentArea_CancelBtn,,
Password Successful Reset ,Home,Accueil,replace,#id_bwHsR1l > div > ul > li:nth-child(1) > a,,
Reset password/Reset password request,Submit,Soumettre,button,#ctl00_ContentArea_btnSubmitRequest,,
Reset password/Reset password request,Confirm new password,Confirmer le nouveau mot de passe,replace,#ctl00_ContentArea_NewPasswordConfirmLabel,,
Reset password/Reset password request,Set new password,Définir un nouveau mot de passe,button,#ctl00_ContentArea_SubmitBtn,,
Reset password/Reset password request,Code,Code,,,,
Reset password request/Breadcrumb,Reset your password ,Réinitialisation votre mot de passe,replace,#id_bwHsR1l > div > ul > li.last > span,,
Reset password/Reset password request,Your email,Votre adresse e-mail,replace,#idEmailField > div > table > tbody > tr > td.left > div > strong > span,,
Alternative for Your email ,,,,.generalFieldsContainer .fieldSubContainer .fieldLabel :not(.mandatorySymbol),,
Change Password/Top Link,Change password,Changer le mot de passe,replace,#id_qaISEe5 > div.loginButtonWrapper.alignRight > a.loginBoxChangePassword,,
Change password,Change password,Changer le mot de passe,replace,#id_kZ3ILBA > div > h2,,
Change password,Change password for,Changer le mot de passe pour,replace,#id_GxzIkeM > div.introContainer > div > div > div > div > div > div > div > div > div > div,,
Reset password/Reset password request,Current password incorrect,Mot de passe actuel incorrect,,,,
Reset password/Reset password request,An error occurred during password reset: ,Une erreur s’est produite durant la réinitialisation de votre mot de passe: ,,,,
Reset password/Reset password request,"Invalid or expired link. To request password reset email again, please follow the link below.","Le lien est invalide ou a expiré. Pour demander la réinitialisation de votre mot de passe à nouveau, veuillez suivre le lien ci-dessous.",,,,
Reset password/Reset password request,Passwords do not match,Les mots de passe ne correspondent pas,,,,
Reset password/Reset password request,Minimum length is 7 characters,Le mot de passe doit contenir 7 caractàres minimum,,,,
Reset password/Reset password request,"Password reset instructions emailed. If you do not receive our email within a few minutes, please check your junk/spam filters and double-check the email address entered.","Les instructions pour réinitialiser votre mot de passe ont été envoyées. Si vous ne recevez pas de courriel dans les prochaines minutes, veuillez regarder dans vos filtres spam/corbeille pour vérifier que vous avez inscrit la bonne adresse.",,,,
Reset password/Reset password request,Please enter your email and we will send instructions on how to reset your password.,Veuillez indiquer votre adresse de courriel pour recevoir les instructions nécessaire Ã  la réinitialisation de votre mot de passe,,,,
,My profile,Mon profil,replace,#id_bwHsR1l > div > ul > li:nth-child(2) > a,,
,Change password,Changer le mot de passe,replace,#id_bwHsR1l > div > ul > li.last > span,,
,Current password incorrect,Mot de passe actuel incorrect,replace,#ctl00_ContentArea_OldPasswordCv,,
Reset Password request,An error occurred during password reset: ,Une erreur s’est produite durant la réinitialisation de votre mot de passe: ,,,,
,"Invalid or expired link. To request password reset email again, please follow the link below.","Le lien est invalide ou a expiré. Pour demander la réinitialisation de votre mot de passe à nouveau, veuillez suivre le lien ci-dessous.",,,,
,Passwords do not match,Les mots de passe ne correspondent pas,replace,#ctl00_ContentArea_NewPasswordsCompareValidator,,
,Minimum length is 7 characters,Le mot de passe doit contenir 7 caractàres minimum,replace,#ctl00_ContentArea_PasswordMinLengthCustomValidator,,
,"Password reset instructions emailed. If you do not receive our email within a few minutes, please check your junk/spam filters and double-check the email ","Les instructions pour réinitialiser votre mot de passe ont été envoyées. Si vous ne recevez pas de courriel dans les prochaines minutes, veuillez regarder dans vos filtres spam/corbeille pour vérifier que vous avez inscrit la bonne adresse.",replace,#ctl00_ContentArea_messageBox_idConfirmWindowStyle > div.cww-inner > div > div,,
,Please enter your email and we will send instructions on how to reset your password.,Veuillez indiquer votre adresse de courriel pour recevoir les instructions nÃ©cessaire Ã  la rÃ©initialisation de votre mot de passe,replace,#ctl00_ContentArea_messageBox_idConfirmWindowStyle > div.cww-inner > div > div,,
,,,,,,
,Reset password request,Demande de réinitialisation de mot de passe,replace,#id_bwHsR1l > div > ul > li.last > span,,
Password Reset,Home,Accueil ,replace,#id_D1MJu64 > a,,
,,,,label#recaptcha-anchor-label,,
AUTHORIZATION REQUIRED,,,,,,
Sys/Authorization required,,,,,,
Authorization required,Email,Courriel,replace,#idLoginBox > span.mandatory,,
Authorization required,Password,Mot de passe,replace,#idPasswordBox > span.mandatory,,
Authorization required,Remember me,Se souvenir de moi,replace,#idRememberMe > label,,
Authorization required,Log in ,Se connecter,button,#ctl00_ContentArea_loginViewControl_loginControl_Login,,
Authorization required,Forgot password,Mot de passe oublié,replace,#ctl00_ContentArea_loginViewControl_loginControl_forgottenPassword,,
Access denied (403),"Sorry, but you have been denied access to the requested page or resource. (You might also see this message if you have been automatically logged out due to inactivity for reasons. Log out and log in again.) ","Désolé, mais l’accès à la page ou à la ressource demandée vous a été refusé. (Vous pouvez également voir ce message si vous avez été automatiquement déconnecté en raison d’une inactivité pour des raisons. Déconnectez-vous et reconnectez-vous.) ",,,,
Sys/403 error,Access denied,Accès refusé,,#id_bwHsR1l > div > ul > li.last > span,,
Sys/403 error,Log out and log in again.,Déconnectez-vous et reconnectez-vous.,text,,,
Sys/403 error,"Sorry, login has failed. Please check your email address and password and try again.","Désolé, la connexion a échoué. Veuillez vérifier votre adresse e-mail et votre mot de passe et réessayer.",text,,,
Access denied,Home,Accueil,replace ,#id_451BEvO > div > div > a,,
System Pages Access denied,Lapsed,(Expiré),text,#id_crVahno > div > div.loginBoxLapsedMembership,,
,,,,,,
MEMBER DIRECTORY WEBSITE,,,,,,
Directory,Search:,Chercher:,replace,,,
Directory,Member details,Coordonnées du membre,replace,,,
Directory,Send message,Envoyer un message,Button,#FunctionalBlock1_ctl00_ctl00_memberProfile_profileHeader_idSendEmailButton,,
Directory,Member profile details,Détails du profil du membre,replace,#idMembershipLevelContainer > div > div.fieldLabel,,
Directory,Membership level,Niveau d'adhésion,replace,#idMembershipLevelContainer > div > div.fieldLabel,,
Directory,First Name,Prénom,replace,#FunctionalBlock1_ctl00_ctl00_memberProfile_MemberForm_memberFormRepeater_ctl00_titleLabel,,
Directory,Last Name,Nom de famille,replace,#FunctionalBlock1_ctl00_ctl00_memberProfile_MemberForm_memberFormRepeater_ctl01_titleLabel,,
Directory/Send Message,Back,Retour,replace,#FunctionalBlock1_ctl00_hlBackToProfile,,
Directory/Send Message,Member details,Détails du profil du membre,replace,#idSendMailMainContainer > div.generalFormContainer > div > div > div > div > div > div > div > div > div > div > div.memberDirectoryDetailsHeaderContainer > h2,,
Directory/Send Message,Send message,Envoyer un message,replace,#idCaptionSendEmailMainContainer > div.captionContainer > div > div > div > div > div > div > div > div > div > div > div.fieldBody > h4,,
Directory/Send Message,Message subject,Objet du message,replace,#idMessageSubjectContainer > div > table > tbody > tr > td.left > div > strong,,
Directory/Send Message,Body,Corps,replace,#idBodyContainer > div > div.fieldLabel > strong,,
Directory/Send Message,Reply name,Nom du signataire,replace,#idReplyNameContainer > div > table > tbody > tr > td.left > div > strong,,
Directory/Send Message,Reply email,Courriel du signataire,replace,#idReplyEmailContainer > div > table > tbody > tr > td.left > div > strong,,
Directory/Send Message,Send ,Envoyer,replace,#FunctionalBlock1_ctl00_sendButton,,
Directory/Send Message,Cancel ,Annuler,replace,#FunctionalBlock1_ctl00_cancelButton,,
WaGadgetMemberDirectory,Advanced search...,Recherche avancée...,text,#FunctionalBlock1_ctl00_ctl00_advancedSearchStatusPanel_advancedSearchLink,,List
WaGadgetMemberDirectory,Clear values,Valeurs claires,text,#FunctionalBlock1_ctl00_ctl00_clearValuesLink,,Search
WaGadgetMemberDirectory,Found: ,Trouvé:,text,#memberDirectorySearchArea div.memberDirectorySearchArea span,,List
WaGadgetMemberDirectory,Go to simple search,Aller à l'option de recherche simple,text,#FunctionalBlock1_ctl00_ctl00_actionPanel_exitAdvancedSearchModeLink,,Search
WaGadgetMemberDirectory,Membership,Adhésion,delay,th:contains(Membership),,List
WaGadgetMemberDirectory,Name,Prénom,delay,th:contains(Name),,List
WaGadgetMemberDirectory,Organization,Organisation,delay,th:contains(Organization),,List
WaGadgetMemberDirectory,Search,Chercher,text,#FunctionalBlock1_ctl00_ctl00_searchLabel,,List
WaGadgetMemberDirectory,Search,Chercher,button,#FunctionalBlock1_ctl00_ctl00_actionPanel_startSearchButton,,Search
WaGadgetMemberDirectory,Show: ,Afficher:,text,#idPagingData,,List
WaGadgetMemberDirectory,Show: ,Afficher:,text,#idPagingData2,,List
,,,,,,
ONLINE STORE,,,,,,
Store,,,,,,
Store,Cart,Panier,replace,span.cart-gadget_label,,
Store,Cart,Panier,,#OnlineStoreCart_content_container > h1 > span,,
Store,Back to Store,Retour au magasin,replace,#id_QSPCKQc > div > p > a,,
Store,Confirmation,Confirmation,,,,
Store,Size:,Taille,replace,#id_F6YVaaA > div.OnlineStoreProduct_content_container > div.OnlineStoreProduct_aside > div.OnlineStoreProduct__details > div:nth-child(2) > div.OnlineStoreProduct__detailTitle,,
Store,< Select >,< Choisir >,replace,#OnlineStoreProduct_optionSelect2 > option:nth-child(1),,
Store,Add to cart,Ajouter au panier,,,,
Store,< Select >,< Choisir >,replace,#OnlineStoreProduct_optionSelect1,,
Store,Youth ,,,#OnlineStoreProduct_optionSelect1 > option:nth-child(1),,
Store,Ladies,,,#OnlineStoreProduct_optionSelect1 > option:nth-child(2),,
Store,Men's,,,#OnlineStoreProduct_optionSelect1 > option:nth-child(3),,
Store,Size:,Taille,replace,#cartLayout > table > tbody > tr.storeCartTable_row > td.storeCartTable_tdTitle > div:nth-child(3),,
Store,Qty: ,Qté:,,,,
Store,View cart,Voir le panier,replace,#OnlineStoreProduct_viewCart,,
Store,Cart,Panier,replace,#OnlineStoreCart_content_container > h1 > span,,
Store,Proceed to checkout,Procéder au paiement,button,.functionalButton:active,,
Store,Total:,Le total:,replace,#cartLayout > table > tbody > tr.storeCartSubTotalInfoRowFirst > td.storeCartTable_totalLabel,,
Store,Total:,Le total:,replace,#cartLayout > table > tbody > tr.storeCartTotal.storeCartTotalInfoRow > td.storeCartTable_totalLabel,,
Store,Continue shopping,Poursuivre vos achats,replace,#cartLayout > div > div.storeCartControlNav_left > a,,
Store,Contact,Contact,replace,#idCheckoutWizardContainer > h1 > span.active > span,,
Store,Delivery,Livraison,replace,#idCheckoutWizardContainer > h1 > span:nth-child(3) > span,,
Store,Confirmation,Confirmation,replace,#idCheckoutWizardContainer > h1 > span:nth-child(5) > span,,
Store,Please fill in your contact information,"S'il vous plait, veuillez indiquer vos coordonnées",replace,#step-1 > div.formAnnotates,,
Store,Billing details,Détails de la facture,replace,#step-1 > h2,,
Store,Contact email,Courriel de contact,replace,#step-1 > form > div > div.formFieldContainer.horizontalErrorMsg.required > label,,
Store,We'll send an order confirmation to this address,Nous enverrons une confirmation de commande à cette adresse,replace,#step-1 > form > div > div.formFieldContainer.horizontalErrorMsg.required > div.formFieldAnnotate,,
Store,First name,Prénom,replace,#step-1 > form > div > div:nth-child(4) > label,,
Store,Last name,Nom de famille,replace,#step-1 > form > div > div:nth-child(5) > label,,
Store,Phone,Téléphone,replace,#step-1 > form > div > div:nth-child(6) > label,,
Store,Continue,Continuer,button,#step-1 > div.storeCartControlNav > div.storeCartControlNav_right > input,,
Store,Back,Retour,replace,#step-1 > div.storeCartControlNav > div.storeCartControlNav_left > a,,
Store,Continue shopping,Poursuivre vos achats,replace,#cartLayout > div > div.storeCartControlNav_left > a,,
Store,Proceed to checkout,Procéder au paiement,button,#cartLayout > div > div.storeCartControlNav_right > input,,
Store,Subtotal:,Total:,replace,#cartLayout > table > tbody > tr.storeCartSubTotalInfoRowFirst > td.storeCartTable_totalLabel,,
Store,Total:,Total:,replace,#cartLayout > table > tbody > tr.storeCartTotal.storeCartTotalInfoRow > td.storeCartTable_totalLabel,,
Store,Your cart is empty.,Votre panier est vide.,replace,p.emptyCartMessage,,
Store,Billing and shipping information,Informations de facturation et de livraison,,,,
Store,Out of stock,Rupture de stock,replace,#idOnlineStoreCatalog_OutOfStock_container,,
,,,,,,
Online Store Cart/Checkout ,Contact,Contact,replace,#idCheckoutWizardContainer > h1 > span.active > span,,
Online Store Cart/Checkout,Delivery,Livraison,replace,#idCheckoutWizardContainer > h1 > span:nth-child(3) > span,,
Online Store Cart/Checkout ,Confirmation,Confirmation,replace,#idCheckoutWizardContainer > h1 > span:nth-child(5) > span,,
Online Store Cart/Checkout Step 1 Contact ,Please fill in your contact information,"S'il vous plait, veuillez indiquer vos coordonnées",replace,#step-1 > div.formAnnotates,,
Online Store Cart/Checkout Step 1 Contact ,Billing details,Détails de la facture,replace,#step-1 > h2,,
Online Store Cart/Checkout Step 1 Contact ,Contact email,"
Courriel de contact",replace,#step-1 > form > div > div.formFieldContainer.horizontalErrorMsg.required > label,,
Online Store Cart/Checkout Step 1 Contact ,We'll send an order confirmation to this address,Nous enverrons une confirmation de commande à cette adresse,replace,#step-1 > form > div > div.formFieldContainer.horizontalErrorMsg.required > div.formFieldAnnotate,,
Online Store Cart/Checkout Step 1 Contact ,First name,Prénom,replace,#step-1 > form > div > div:nth-child(4) > label,,
Online Store Cart/Checkout Step 1 Contact ,Last name,Nom de famille,replace,#step-1 > form > div > div:nth-child(5) > label,,
Online Store Cart/Checkout Step 1 Contact ,Phone,Téléphone,replace,#step-1 > form > div > div:nth-child(6) > label,,
Online Store Cart/Checkout Step 1 Contact ,Back,Retour,replace,#step-1 > div.storeCartControlNav > div.storeCartControlNav_left > a,,
Online Store Cart/Checkout Step 1 Contact ,Continue,Continuer,button,#step-1 > div.storeCartControlNav > div.storeCartControlNav_right > input,,
Online Store Cart/Checkout Step 2 Delivery,Pickup,,replace,#step-2 > form > div.delivery-methods > div > h2,,
Online Store Cart/Checkout Step 2 Delivery,Continue,Continuer,button,#step-2 > div > div.storeCartControlNav_right > input,,
Online Store Cart/Checkout Step 2 Delivery,Back,Retour,replace,#step-2 > div > div.storeCartControlNav_left > a,,
Online Store Cart/Checkout/Step 3,Billing and shipping information ,,replace,#step-3-content > h2,,
Online Store Cart/Checkout/Step 3,Billing details,,replace,#step-3-content > p:nth-child(3) > strong,,
Online Store Cart/Checkout/Step 3,Comments,,replace,#step-3 > form > div > h2,,
Online Store Cart/Checkout/Step 4,Invoice me,Facture moi,button,#button_pay_invoice,,
Online Store Cart/Checkout/Step 5,Pay online,Payer en ligne,button,#button_pay_online,,
Online Store Cart/Checkout/Step 3,Back,Retour,replace,#step-3 > div.storeCartControlNav > div.storeCartControlNav_left > a,,
Online Store Cart/Checkout/Step 3,Subtotal:,Total:,text,#step-3-content > table > tbody > tr.storeCartTotalInfoRowFirst > td.storeCartTable_totalLabel,,
Online Store Cart/Checkout/Step 3,Total:,Total:,replace,#step-3-content > table > tbody > tr:nth-child(5) > td.storeCartTable_totalLabel,,
,,,,,,
Online Store Cart/Online Store Checkout,Cart,Panier,,,,
Online Store Cart/Online Store Checkout,Continue shopping,Poursuivre vos achats,,,,
Online Store Cart/Online Store Checkout,I confirm I have read and accept the terms of the Privacy Policy,Je confirme avoir lu et accepté les termes de la politique de confidentialité,,,,
Online Store Cart/Online Store Checkout,Proceed to checkout,Procéder au paiement,,,,
Online Store Cart/Online Store Checkout,Total:,Total:,,,,
Online Store Cart/Online Store Checkout,Your cart is empty.,Votre panier est vide.,,,,
Online Store Cart/Online Store Checkout,Cart,Panier,,,,
,,,,,,
"PayPal button/2nd Cart , Not WA (Yellow)",View Cart,,PayPal,,,
Online Store Product,Back to Store,,replace,#id_QSPCKQc > div > p > a,,
Online Store Product,Add to cart,Ajouter au panier,button,.WaGadgetOnlineStoreProduct .OnlineStoreProduct_aside .OnlineStoreButton input.typeButton,,
Online Store Product,Description,La description,replace,#id_F6YVaaA > div.OnlineStoreProduct_content_container > div.OnlineStoreProduct_information > div > h3,,
Online Store Product,No photo,Aucune photo,,,,
Online Store Product,Qty: ,Qté:,replace,.OnlineStoreProduct__detailTitle,,
Online Store Product/Select size,Select ,,,.WaGadgetOnlineStoreProduct .OnlineStoreProduct_aside .OnlineStoreProduct_optionsSelect,,
Online Store Product,View cart,Voir le panier,replace,#OnlineStoreProduct_viewCart,,
Online Store Product,Member price,Tarif pour les membres,replace_delay,.OnlineStoreCatalog_list_price_alt:contains(Member price),,
Online Store Product,Regular price,Tarif plein,replace_delay,.OnlineStoreCatalog_list_price_alt:contains(Regular price),,
WaGadgetOnlineStoreCartCheckout, Confirmation, Confirmation,text,#idCheckoutWizardContainer > h1 > span:nth-child(5) > span,,
WaGadgetOnlineStoreCartCheckout, Contact, Contact,text,#idCheckoutWizardContainer > h1 > span:nth-child(1) > span,,
WaGadgetOnlineStoreCartCheckout, Delivery, Livraison,text,#idCheckoutWizardContainer > h1 > span:nth-child(3) > span,,
WaGadgetOnlineStoreCartCheckout,Back,Retour,text,#step-1 > div.storeCartControlNav > div.storeCartControlNav_left > a,,
WaGadgetOnlineStoreCartCheckout,Billing details,Détails de la facturation,text,#step-1 > h2,,
WaGadgetOnlineStoreCartCheckout,Cart,Panier,delay,#OnlineStoreCart_content_container > h1 > span,,
WaGadgetOnlineStoreCartCheckout,Contact email,"
Adresse e-mail du contact",text,#step-1 > form > div > div.formFieldContainer.horizontalErrorMsg.required > label,,
WaGadgetOnlineStoreCartCheckout,Continue,Continuer,button,#step-1 > div.storeCartControlNav > div.storeCartControlNav_right > input,,
WaGadgetOnlineStoreCartCheckout,Continue shopping,Poursuivre vos achats,delay,.storeCartControlNav__back,,
WaGadgetOnlineStoreCartCheckout,First name,Prénom,text,#step-1 > form > div > div:nth-child(4) > label,,
WaGadgetOnlineStoreCartCheckout,I confirm I have read and accept the terms of the Privacy Policy,Je confirme avoir lu et accepté les termes de la politique de confidentialité,text,#step-1>form>div>div.formFieldContainer.storeCheckoutTerms.required>div>label>a,,
WaGadgetOnlineStoreCartCheckout,Last name,Nom de famille,text,#step-1 > form > div > div:nth-child(5) > label,,
WaGadgetOnlineStoreCartCheckout,Phone,Téléphone,text,#step-1 > form > div > div:nth-child(6) > label,,
WaGadgetOnlineStoreCartCheckout,Please fill in your contact information,"S'il vous plait, veuillez indiquer vos coordonnées",text,#step-1 > div.formAnnotates,,
WaGadgetOnlineStoreCartCheckout,Proceed to checkout,Procéder au paiement,button,.toCheckout,,
WaGadgetOnlineStoreCartCheckout,Total:,Total:,delay,.storeCartTable_totalLabel,,
WaGadgetOnlineStoreCartCheckout,We'll send an order confirmation to this address ,Nous enverrons une confirmation de commande à cette adresse,text,#step-1 > form > div > div.formFieldContainer.horizontalErrorMsg.required > div.formFieldAnnotate,,
WaGadgetOnlineStoreCartCheckout,Your cart is empty.,Votre panier est vide.,delay,.emptyCartMessage,,
,,,,#step-1 > form > div > div:nth-child(7) > div > label > a,,
,Je confirme avoir lu et accepté les termes de la politique de confidentialité ,,,#step-1 > form > div > div:nth-child(8) > div > label > a,,
,,,,,,
,,,,,,
Sys/Online store checkout/Continue page,Billing and shipping information ,Information de facturation et de livraison,text,#step-3-content>h2,,
Sys/Online store checkout/Continue page,Billing details,Détails de la facture,text,#step-3-content p:nth-child(3)>strong,,
Sys/Online store checkout/Continue page,Comments,Commentaires,text,#step-3 > form > div > h2,,
Sys/Online store checkout/Continue page,Back,Retour,replace,#step-3 > div.storeCartControlNav > div.storeCartControlNav_left > a,,
Sys/Online store checkout/Continue page,Invoice me,M’envoyer la facture,button,#button_pay_invoice,,
Sys/Online store checkout/Continue page,Pay online,Payer en ligne,button,#button_pay_online,,
Sys/Online store checkout/Continue page,I'm not a robot,,text,#recaptcha-anchor-label,,
,,,,,,
WaGadgetOnlineStoreMiniCart,Cart,Panier,text,span.cart-gadget_label,,
WaGadgetOnlineStoreProduct,Add to cart,Ajouter au panier,button,#OnlineStoreProduct_addToCart,,
WaGadgetOnlineStoreProduct,Description,La description,text,div.OnlineStoreProduct_information > div > h3,,
WaGadgetOnlineStoreProduct,No photo,Aucune photo,text,div.OnlineStoreProduct_noPhotoText,,
WaGadgetOnlineStoreProduct,Qty: ,Qté:,text,div.OnlineStoreProduct__detailTitle,,
WaGadgetOnlineStoreProduct,View cart,Voir le panier,delay,#OnlineStoreProduct_viewCart,,
,,,,,,
,,,,,,
MEMBERSHIP MANAGEMENT,,,,,,
Sys/Membership level change,,,,,,
Sys/Membership level change,Select membership level,Sélectionnez le niveau d'adhésion,replace,#idMembershipLevelRadioGroupContainer > div > div.fieldLabel > strong,,
Sys/Membership level change,Mandatory fields,Champs obligatoires,replace,#idGeneralFormContainer > div.generalFormContainer > div > div > div > div > div > div > div > div > div > div > div.formOuterContainer > div.formContainer > div > div > div > div > div > div > div > div > div > div > div.formTitleOuterContainer > div.formTitleContainer > div > div > div > div > div > div > div > div > div > div > div > strong,,
Sys/Membership level change,Membership level,Niveau d'adhésion,replace,#idMembershipLevelRadioGroupContainer > div > div.fieldLabel > strong,,
Sys/Membership level change,Please note: Your next renewal date will be based on your new level settings.,,replace,,,
Sys/Membership level change,Cancel,Annuler,button,#FunctionalBlock1_ctl00_ctl00_stepTemplate_cancel,,
Sys/Membership level change,Next ,Suivant,button,#FunctionalBlock1_ctl00_ctl00_stepTemplate_next,,
,,,,,,
Membership Bundles,,,,,,
WaGadgetAddMemberToBundle,Add member to bundle,Ajouter un membre à un paquet,text,h3:contains(Add member to bundle),,
WaGadgetAddMemberToBundle,Bundle summary,Résumé du paquet,text,h4:contains(Bundle summary),,
WaGadgetAddMemberToBundle,Bundle limit,Limite de paquet,text,.fieldLabel:contains(Bundle limit),,
WaGadgetAddMemberToBundle,Used so far,Utilisé jusqu'à présent,text,.fieldLabel:contains(Used so far),,
WaGadgetAddMemberToBundle,Your members,Vos membres,text,.fieldLabel:contains(Your members),,
,,,,,,
,,,,,,
Membership Renewals,,,,,,
Sys/Membership Renewal/Review and Confirm,Review and confirm,Réviser et confirmer,text,#FunctionalBlock1_ctl00_ctl00_stepTemplate_infoMessageBox_messageHeader,,
Sys/Membership Renewal/Review and Confirm,Renew to,Renouvellement le ,text,#confirmationTable > tbody > tr:nth-child(1) > td.labelInfoColumn,,
Sys/Membership Renewal/Review and Confirm,Total Amount,Montant total,inactive,#confirmationTable > tbody > tr > td.labelInfoColumn,,
Sys/Membership Renewal/Review and Confirm,Payment instructions,Instructions de paiement,text,#FunctionalBlock1_ctl00_ctl00_stepTemplate_infoMessageBox_commonPaymentInfo_paymentInstructionsLabelConfirmation,,
Sys/Membership Renewal/Review and Confirm,If you make a payment and your application is rejected we will refund your payment.,"Si vous faites un paiement et votre application est rejetée, nous vous rembourserons.",text,#FunctionalBlock1_ctl00_ctl00_stepTemplate_infoMessageBox_commonPaymentInfo_paymentInstructionsConfirmation,,
Sys/Membership Renewal/Review and Confirm,Back,Retour,button,#FunctionalBlock1_ctl00_ctl00_stepTemplate_prevTop,,
Sys/Membership Renewal/Review and Confirm,Pay online,Payer en ligne,button,#FunctionalBlock1_ctl00_ctl00_stepTemplate_payOnlineTop,,
Sys/Membership Renewal/Message box,"Membership renewal initiated, not paid yet.","Renouvellement de l'adhésion initié, pas encore payé",text,#FunctionalBlock1_ctl00_ctl00_Membership_renewalUnpaidMessageBox_idConfirmWindowStyle > div.cww-inner > div > div.text > span,,
Sys/Membership Renewal/Message box,View/Pay invoice,Voir / Payer la facture,button,#FunctionalBlock1_ctl00_ctl00_Membership_renewalUnpaidMessageBox_viewPayRenewalInvoiceButton,,
WaGadgetMembershipRenewal,Cancel,Annuler,button,#FunctionalBlock1_ctl00_ctl00_stepTemplate_cancelTop,,
WaGadgetMembershipRenewal,Cancel,Annuler,button,#FunctionalBlock1_ctl00_ctl00_stepTemplate_cancel,,
WaGadgetMembershipRenewal,Current status ,Statut actuel,text,#idInfoContainer div.infoTitle:contains(Current status),,
WaGadgetMembershipRenewal,Email,Adresse e-mail,text,span.required:contains(Email),,
WaGadgetMembershipRenewal,I confirm I have read and accept the terms of the Privacy Policy,Je confirme avoir lu et accepté les termes de la politique de confidentialité,text,#FunctionalBlock1_ctl00_ctl00_stepTemplate_wizardMemberForm_memberForm_memberFormRepeater_ctl06_termsOfUse10041587 > div > span.label > label > span > a,,
WaGadgetMembershipRenewal,Level ,Niveau,text,#FunctionalBlock1_ctl00_ctl00_stepTemplate_renewalHeader_level_levelText,,
WaGadgetMembershipRenewal,Renew to ,Renouveler pour,text,#idInfoContainer div.infoTitle:contains(Renew to),,
WaGadgetMembershipRenewal,Update and next,Mettre à jour et suivant,button,#FunctionalBlock1_ctl00_ctl00_stepTemplate_nextTop,,
WaGadgetMembershipRenewal,Update and next,Mettre à jour et suivant,button,#FunctionalBlock1_ctl00_ctl00_stepTemplate_next,,
WaGadgetMembershipRenewal,Your profile,Votre profil,text,.formTitle:contains(Your profile),,
Incomplete Membership Renewal/Review and confirm window,Pending-Renewal,Renouvellement en attente,text,#confirmationTable > tbody > tr:nth-child(3) > td.infoColumn,,
,,,,,,
EVENTS WEBSITE,,,,,,
Events ,Show details,Afficher les détails,replace,#idUpcomingEventsContainer .footerEventDetailsLink,,
Register button on Events,Register,S'inscrire,button,.boxActionContainer input.registerButton,,
,Join waitlist ,Rejoindre la liste d'attente,button,.joinWaitlistButton,,
WaGadgetEvents,<email> is already registered for this event - but you can submit another registration under the same email.,<email> est déjà inscrit(e) pour cet événement - mais vous pouvez soumettre une autre inscription sous la même adresse e-mail.,text,#FunctionalBlock1_ctl00_eventPageViewBase_ctl00_ctl00_stepTemplate_registrationTopMessage_alreadyRegisteredLoggedMessage_messageText,,Registration List
WaGadgetEvents,Add to my calendar,Ajouter à mon calendrier,text,#FunctionalBlock1_ctl00_eventPageViewBase_ctl00_ctl00_importEvent_ImportEventText,,
WaGadgetEvents,Add to my calendar,Ajouter à mon calendrier,text,#FunctionalBlock1_ctl00_eventPageViewBase_ctl00_ctl00_stepTemplate_importEvent_ImportEventText,,Registration
WaGadgetEvents,Add to my calendar,Ajouter à mon calendrier,text,#FunctionalBlock1_ctl00_eventPageViewBase_ctl00_importEvent_ImportEventText,,Registration List
WaGadgetEvents,Address,Adresse,text,span.fieldLabel:contains(Address),,Registration
WaGadgetEvents,Already registered,Déjà enregistré,text,#FunctionalBlock1_ctl00_eventPageViewBase_ctl00_ctl00_UpcomingEventsRepeater_ctl01_eventRegistrationActions_ownRegistration,,
WaGadgetEvents,Back,Retour,text,#FunctionalBlock1_ctl00_eventPageViewBase_ctl00_ctl00_back,,
WaGadgetEvents,Back,Retour,button,#FunctionalBlock1_ctl00_eventPageViewBase_ctl00_ctl00_stepTemplate_prev,,Registration
WaGadgetEvents,Back,Retour,button,#FunctionalBlock1_ctl00_eventPageViewBase_ctl00_ctl00_stepTemplate_prevTop,,Registration Confirm
WaGadgetEvents,Cancel,Annuler,button,#FunctionalBlock1_ctl00_eventPageViewBase_ctl00_ctl00_stepTemplate_cancel,,Registration
WaGadgetEvents,Cancel,Annuler,button,#FunctionalBlock1_ctl00_eventPageViewBase_ctl00_ctl00_stepTemplate_cancel,,Registration
WaGadgetEvents,Cancel,Annuler,button,#FunctionalBlock1_ctl00_eventPageViewBase_ctl00_ctl00_stepTemplate_cancelTop,,Registration Confirm
WaGadgetEvents,Choose registration type,Choisissez le type d'inscription,text,h3.formTitle:contains(Choose registration type),,Registration
WaGadgetEvents,Details,Détails,text,#FunctionalBlock1_ctl00_eventPageViewBase_ctl00_ctl00_stepTemplate_registrationTypeSelector_registrationTypesRepeater_ctl00_registrationTypeRadioButton_warningDetails,,Registration
WaGadgetEvents,Email,Adresse e-mail,text,#FunctionalBlock1_ctl00_eventPageViewBase_ctl00_ctl00_stepTemplate_registrationForm_registrationForm_eventRegistrationFormRepeater_ctl02_titleLabel,,Registration Confirm
WaGadgetEvents,End,Fin,text,#idUpcomingEventsContainer .eventInfoEndDate label,,
WaGadgetEvents,End,Fin,text,#FunctionalBlock1_ctl00_eventPageViewBase_ctl00_ctl00_eventInfoBox_endDateLi > label:contains(End),,Details
WaGadgetEvents,Enter registrant email,Entrer l'adresse e-mail du titulaire,text,h3:contains(Enter registrant email),,Registration
WaGadgetEvents,Enter registration information,Entrez les informations d'inscription,text,h3:contains(Enter registration information),,Registration
WaGadgetEvents,Event,Un événement,text,#idInfoContainer > div.infoContainer > div > div > div > div > div > div > div > div > div > div > div.infoSection.eventRegistrationInfoEvent > div.infoTitle,,Registration
WaGadgetEvents,Event,Un événement,text,div.infoTitle:contains(Event),,Registration
WaGadgetEvents,Event,Un événement,text,#FunctionalBlock1_ctl00_eventPageViewBase_ctl00_ctl00_stepTemplate_infoMessageBox_idConfirmWindowStyle > div.cww-inner > div > div.kvTable > table > tbody > tr:nth-child(1) > td.labelInfoColumn,,Registration Confirm
WaGadgetEvents,First name,Prénom,text,#FunctionalBlock1_ctl00_eventPageViewBase_ctl00_ctl00_stepTemplate_registrationForm_registrationForm_eventRegistrationFormRepeater_ctl00_titleLabel,,Registration Confirm
WaGadgetEvents,"Invoice not paid. To change or cancel registration, contact administrator.","Facture non payée. Pour modifier ou annuler votre inscription, contactez l'administrateur.",text,#FunctionalBlock1_ctl00_eventPageViewBase_ctl00_messageBoxWarning_idConfirmWindowStyle > div.cww-inner > div > div.text,,Registration Confirm
WaGadgetEvents,Last name,Nom de famille,text,#FunctionalBlock1_ctl00_eventPageViewBase_ctl00_ctl00_stepTemplate_registrationForm_registrationForm_eventRegistrationFormRepeater_ctl01_titleLabel,,Registration Confirm
WaGadgetEvents,Location,Emplacement,text,".WaGadgetEventsStateList label:contains(""Location"")",,
WaGadgetEvents,Location,Emplacement,text,#FunctionalBlock1_ctl00_eventPageViewBase_ctl00_ctl00_eventInfoBox_locationLi > label:contains(Location),,Details
WaGadgetEvents,Past events,Événements passés,text,#idPastEventsContainer > div.pastEventsContainer h3,,
WaGadgetEvents,Phone,Téléphone,text,#FunctionalBlock1_ctl00_eventPageViewBase_ctl00_ctl00_stepTemplate_registrationForm_registrationForm_eventRegistrationFormRepeater_ctl03_titleLabel,,Registration Confirm
WaGadgetEvents,Phone,Téléphone,text,#FunctionalBlock1_ctl00_eventPageViewBase_ctl00_registrationForm_registrationForm_eventRegistrationFormRepeater_ctl03_titleLabel,,Registration List
WaGadgetEvents,Register,S'inscrire,button,.registerButton,,
WaGadgetEvents,Registration,Inscription,text,#idRegistrationInfo,,
WaGadgetEvents,Registration,Inscription,text,div.fieldLabel > strong:contains(Registration),,Registration
WaGadgetEvents,Registration information,Information d'inscription,text,h3:contains(Registration information),,Registration Confirm
WaGadgetEvents,Registration type,Type d'inscription,text,div.infoTitle:contains(Registration type),,Registration
WaGadgetEvents,Registration type,Type d'inscription,text,#FunctionalBlock1_ctl00_eventPageViewBase_ctl00_ctl00_stepTemplate_infoMessageBox_idConfirmWindowStyle > div.cww-inner > div > div.kvTable > table > tbody > tr:nth-child(4) > td.labelInfoColumn,,Registration Confirm
WaGadgetEvents,Review all my registrations,Revoir toutes mes inscriptions,text,#FunctionalBlock1_ctl00_eventPageViewBase_ctl00_viewAllRegistrations,,Registration List
WaGadgetEvents,Review and confirm,Réviser et confirmer,text,#FunctionalBlock1_ctl00_eventPageViewBase_ctl00_ctl00_stepTemplate_infoMessageBox_messageHeader,,Registration Confirm
WaGadgetEvents,Review my registrations,Revoir mes inscriptions,text,#FunctionalBlock1_ctl00_eventPageViewBase_ctl00_ctl00_stepTemplate_additionalLink,,Registration List
WaGadgetEvents,Show details ,Afficher les détails,text,#idUpcomingEventsContainer .footerEventDetailsLink,,
WaGadgetEvents,Some registration types are unavailable because your membership hasn't been approved yet.,"Certains types d'inscription ne sont pas disponibles, car votre abonnement n'a pas encore été approuvé.",text,#FunctionalBlock1_ctl00_eventPageViewBase_ctl00_ctl00_stepTemplate_registrationTopMessage_suggestToActivateMembershipMessage_messageText,,Registration
WaGadgetEvents,Province,Province,text,span.fieldLabel:contains(Province),,Registration
WaGadgetEvents,Switch to Calendar View,Activer la vue Calendrier,text,#FunctionalBlock1_ctl00_eventPageViewBase_ctl00_ctl00_eventListViewSwitcher_calendarModeLink,,
WaGadgetEvents,Total amount,Montant total,text,div.infoTitle:contains(Total amount),,Registration
WaGadgetEvents,Total amount,Montant total,text,#FunctionalBlock1_ctl00_eventPageViewBase_ctl00_ctl00_stepTemplate_infoMessageBox_idConfirmWindowStyle > div.cww-inner > div > div.kvTable > table > tbody > tr:nth-child(5) > td.labelInfoColumn,,Registration Confirm
WaGadgetEvents,Upcoming events ,Événements à venir,text,#idUpcomingEventsContainer > div.upcomingEventsContainer h3,,
WaGadgetEvents,View / Pay Invoice,Voir / Payer la facture,button,#FunctionalBlock1_ctl00_eventPageViewBase_ctl00_messageBoxWarning_messageBoxWarningButton,,Registration Confirm
WaGadgetEvents,When,Quand,text,li.eventInfoStartDate > label,,
WaGadgetEvents,You can log in to auto-fill your contact information - or proceed with the registration without logging in.,Vous pouvez vous connecter pour saisir automatiquement vos coordonnées - ou procéder à l'inscription sans vous connecter.,text,#FunctionalBlock1_ctl00_eventPageViewBase_ctl00_ctl00_stepTemplate_registrationTopMessage_suggestToLoginMessage_idConfirmWindowStyle > div.cww-inner > div > div.text,,Registration
WaGadgetEvents,Postal Code,Code postal,text,span.fieldLabel:contains(Postal Code),,Registration
WaGadgetEvents,Spaces left,Espaces restants,text,.eventInfoBoxLabel:contains(Spaces left),,List
WaGadgetEvents,Spaces left,Espaces restants,text,#FunctionalBlock1_ctl00_eventPageViewBase_ctl00_ctl00_eventInfoBox_ticketsLeft > label,,Details
WaGadgetEvents,"Registration confirmed (view invoice). To change or cancel, contact administrator.","Inscription confirmée (voir facture). Pour modifier ou annuler, contactez l'administrateur.",text,#FunctionalBlock1_ctl00_eventPageViewBase_ctl00_messageBox_messageText,,List
WaGadgetEvents,New registration,Nouvelle inscription,button,#FunctionalBlock1_ctl00_eventPageViewBase_ctl00_ctl06_bt,,List
WaGadgetEvents,Confirmed,Confirmé,text,#FunctionalBlock1_ctl00_eventPageViewBase_ctl00_eventRegistrationsList_ctl01_ctl03_resitrationStateLabel,,List
WaGadgetEvents,View details,Voir les détails,text,#membersTable > tbody > tr > td.memberDirectoryColumn3.thirdColumnWidth > div:nth-child(2) > a,,List
WaGadgetEvents,Event registration,Inscription à l'événement,text,h2:contains(Event registration),,List
WaGadgetEvents,Location,Emplacement,replace,.infoText:contains(Location),,List
WaGadgetEvents,registration type:,type d'inscription:,replace,.listLabelAlternative,,List
WaGadgetEvents,New registration,Nouvelle inscription,button,#FunctionalBlock1_ctl00_eventPageViewBase_ctl00_ctl20_bt,,List
WaGadgetEvents,Already registered,Déjà inscrit(e),text,#FunctionalBlock1_ctl00_eventPageViewBase_ctl00_ctl00_eventRegistrationActions_ownRegistration,,Details
WaGadgetEvents,Enter information to join waitlist,Entrez les informations pour rejoindre la liste d'attente,text,h3:contains(Enter information to join waitlist),,Waitlist
WaGadgetEvents,You have been added to the event's waitlist.,Vous avez été ajouté(e) à la liste d'attente de l'événement.,text,#FunctionalBlock1_ctl00_eventPageViewBase_ctl00_ctl00_stepTemplate_paymentStateMessageBox_messageText,,Waitlist
WaGadgetEvents,Join Waitlist: Confirmation,Rejoindre la liste d'attente: confirmation,text,h2:contains(Join Waitlist),,Waitlist
WaGadgetEvents,Event waitlist registration data,Données d'inscription de la liste d'attente de l'événement,text,h3:contains(Event waitlist registration data),,Waitlist
WaGadgetEvents,Join waitlist,Rejoindre la liste d'attente,button,#FunctionalBlock1_ctl00_eventPageViewBase_ctl00_ctl00_eventRegistrationActions_lobJoinWaitlist_bt,,Waitlist
WaGadgetEvents,Already on waitlist,Déjà sur la liste d'attente,text,#FunctionalBlock1_ctl00_eventPageViewBase_ctl00_ctl00_eventRegistrationActions_ownRegistration,,Waitlist
WaGadgetEvents,Registration form,Formulaire d'inscription,text,h3:contains(Registration form),,List
WaGadgetEvents,Enter contact email,Entrer l'adresse e-mail de contact,text,h3:contains(Enter contact email),,Waitlist
WaGadgetEvents,Already on waitlist,Déjà sur la liste d'attente,text,.infoAlreadyRegistered:contains(Already on waitlist),,List
WaGadgetEvents,Join waitlist,Rejoindre la liste d'attente,button,.joinWaitlistButton,,List
WaGadgetEvents National Calendar page,Spaces left and Number,Espaces restants et nombre,hide,.eventInfoSpacesLeft,,List
WaGadgetEvents,No events available,Aucun événement disponible,text,#idUpcomingEventsContainer > div.upcomingEventsContainer > div > div > div > div > div > div > div > div > div > div > p,,
WaGadgetEvents,Registration is closed,L'inscription est fermée,text,.infoRegistrationIsClosed,,
WaGadgetEvents,Registration form,Formulaire d'inscription,text,h3:contains(Registration form),,Registration List
WaGadgetEvents,Individual Prefix,Préfixe individuel,inactive,span.fieldLabel:contains(Individual Prefix),,Registration
WaGadgetEvents,My First name,Mon prénom,inactive,#FunctionalBlock1_ctl00_eventPageViewBase_ctl00_ctl00_stepTemplate_registrationForm_eventRegistrationFormRepeater_ctl00_titleLabel,,Registration
WaGadgetEvents,First name,Prénom,inactive,#FunctionalBlock1_ctl00_eventPageViewBase_ctl00_registrationForm_registrationForm_eventRegistrationFormRepeater_ctl00_titleLabel,,Registration List
WaGadgetEvents,Middle Name,Deuxième nom,inactive,span.fieldLabel:contains(Middle Name),,Registration
WaGadgetEvents,Last name,Nom de famille,inactive,#FunctionalBlock1_ctl00_eventPageViewBase_ctl00_registrationForm_registrationForm_eventRegistrationFormRepeater_ctl01_titleLabel,,Registration List
WaGadgetEvents,Last name,Nom de famille,inactive,div > strong:contains(Last name),,Registration
WaGadgetEvents,City,Ville,inactive,span.fieldLabel:contains(City),,Registration
WaGadgetEvents,Country,Pays,inactive,span.fieldLabel:contains(Country),,Registration
WaGadgetEvents,Privacy Policy Optin,Politique de confidentialité Optin,inactive,span.mandatoryLabel:contains(Privacy Policy Optin),,Registration
WaGadgetEvents,Email,Adresse e-mail,inactive,#FunctionalBlock1_ctl00_eventPageViewBase_ctl00_ctl00_stepTemplate_registrationForm_eventRegistrationFormRepeater_ctl02_titleLabel,,Registration
WaGadgetEvents,Phone,Téléphone,inactive,#FunctionalBlock1_ctl00_eventPageViewBase_ctl00_ctl00_stepTemplate_registrationForm_eventRegistrationFormRepeater_ctl03_titleLabel,,Registration
WaGadgetEvents,Job Title,Profession,inactive,span.fieldLabel:contains(Job Title),,Registration
,,,,,,
,,,,.boxActionContainer input.JoinWaitlistsubmitButton,,
CALENDAR WEBSITE,,,,,,
Calendar gadget - Home page,Switch to List View,Afficher la vue en liste ,text,#FunctionalBlock1_ctl00_eventPageViewBase_ctl00_ctl00_eventListViewSwitcher_listModeLink,,
,Switch to Calendar View,Activer la vue Calendrier,text,#FunctionalBlock1_ctl00_eventPageViewBase_ctl00_ctl00_eventListViewSwitcher_calendarModeLink,,
Calendar gadget - Week link,Week,Semaine,text,#FunctionalBlock1_ctl00_eventPageViewBase_ctl00_ctl00_weekButtonLink,,
Calendar gadget - Year link,Month,Mois,text,#FunctionalBlock1_ctl00_eventPageViewBase_ctl00_ctl00_monthButtonLink,,
Calendar gadget - Month link,Year,Année,text,#FunctionalBlock1_ctl00_eventPageViewBase_ctl00_ctl00_yearButtonLink,,
Calendar gadget - Week label,Week,Semaine,text,#FunctionalBlock1_ctl00_eventPageViewBase_ctl00_ctl00_weekButtonLabel,,
Calendar gadget - Month,Month,Mois,text,#FunctionalBlock1_ctl00_eventPageViewBase_ctl00_ctl00_monthButtonLabel,,
Calendar gadget - Year,Year,Année,text,#FunctionalBlock1_ctl00_eventPageViewBase_ctl00_ctl00_yearButtonLabel,,
Calendar gadget - Today link,Previous Month,Le mois précédent,replace,#FunctionalBlock1_ctl00_eventPageViewBase_ctl00_ctl00_DecDateButton,,
Calendar gadget - Today link,Today,Aujourd'hui,replace,#FunctionalBlock1_ctl00_eventPageViewBase_ctl00_ctl00_TodayButton,,
,Next Month,Le mois prochain,replace,#FunctionalBlock1_ctl00_eventPageViewBase_ctl00_ctl00_IncDateButton,,
Calendar gadget - Days of the Week,Sunday,dimanche,replace_element,#FunctionalBlock1_ctl00_eventPageViewBase_ctl00_ctl00_calendar>tbody>tr:nth-child(1),,
Calendar gadget - Days of the Week,Monday,lundi,replace_element,#FunctionalBlock1_ctl00_eventPageViewBase_ctl00_ctl00_calendar>tbody>tr:nth-child(1),,
Calendar gadget - Days of the Week,Tuesday,mardi,replace_element,#FunctionalBlock1_ctl00_eventPageViewBase_ctl00_ctl00_calendar>tbody>tr:nth-child(1),,
Calendar gadget - Days of the Week,Wednesday,mercredi,replace_element,#FunctionalBlock1_ctl00_eventPageViewBase_ctl00_ctl00_calendar>tbody>tr:nth-child(1),,
Calendar gadget - Days of the Week,Thursday,jeudi,replace_element,#FunctionalBlock1_ctl00_eventPageViewBase_ctl00_ctl00_calendar>tbody>tr:nth-child(1),,
Calendar gadget - Days of the Week,Friday,vendredi,replace_element,#FunctionalBlock1_ctl00_eventPageViewBase_ctl00_ctl00_calendar>tbody>tr:nth-child(1),,
Calendar gadget - Days of the Week,Saturday,samedi,replace_element,#FunctionalBlock1_ctl00_eventPageViewBase_ctl00_ctl00_calendar>tbody>tr:nth-child(1),,
CalendarHeading Week,Week,Semaine,replace,#idEventListCalendar > h3,,
Calendar Heading Month,Month,Mois,replace,#idEventListCalendar > h3,,
Calendar Heading Year,Year,Année,replace,#idEventListCalendar > h3,,
Calendar Month Name in Heading ,November,novembre,replace,#idEventListCalendar > h3,,
Calendar Month Name in Heading ,December,décembre,replace,#idEventListCalendar > h3,,
Calendar Month Name in Heading ,January,janvier,replace,#idEventListCalendar > h3,,
Calendar Month Name in Heading ,February,février,replace,#idEventListCalendar > h3,,
Calendar Month Name in Heading ,March,mars,replace,#idEventListCalendar > h3,,
Calendar Month Name in Heading ,April,avril,replace,#idEventListCalendar > h3,,
Calendar Month Name in Heading ,May,mai,replace,#idEventListCalendar > h3,,
Calendar Month Name in Heading ,June,juin,replace,#idEventListCalendar > h3,,
Calendar Month Name in Heading ,July,juillet,replace,#idEventListCalendar > h3,,
Calendar Month Name in Heading ,August,août,replace,#idEventListCalendar > h3,,
Calendar Month Name in Heading ,September,septembre,replace,#idEventListCalendar > h3,,
Calendar Month Name in Heading ,October,octobre,replace,#idEventListCalendar > h3,,
,,,,,,
,Back,Retour,replace,#FunctionalBlock1_ctl00_eventPageViewBase_ctl00_ctl00_back,,
,Home,Accueil,replace,#id_664OuFM > div > ul > li:nth-child(1) > a,,
,Start,Début,replace,label.eventInfoBoxLabel,,
,End,Finir,replace,label.eventInfoBoxLabel,,
,Location ,Lieu,replace,label.eventInfoBoxLabel,,
,Spaces left,Espaces laissés,replace,label.eventInfoBoxLabel,,
,Registered,Inscrite,replace,label.eventInfoBoxLabel,,
,registrants,Les inscrits,replace,label.eventInfoBoxLabel,,
,,,,,,
,,,,,,
BLOG WEBSITE,,,,,,
WaGadgetBlog,* Mandatory fields,* Champs obligatoires,text,.postEditLegend,,
WaGadgetBlog,Add comment,Ajouter un commentaire,text,.boxFooterPrimaryContainer a:contains(Add comment),,List
WaGadgetBlog,Add post,Ajouter un article,button,#FunctionalBlock1_ctl00_blogPostList_newEntry,,
WaGadgetBlog,Author,Auteur,text,#idAuthorLabelContainer > div > div.fieldLabel,,
WaGadgetBlog,Author,Auteur,text,#idDivBlogCommentFieldsContainer > div:nth-child(1) > div > table > tbody > tr > td.left > div,,Reply
WaGadgetBlog,Back to list,Retour à la liste,text,#FunctionalBlock1_ctl00_blogPostEdit_title_backLink,,
WaGadgetBlog,Back to list,Retour à la liste,text,#FunctionalBlock1_ctl00_blogPostView_title_backLink,,Details
WaGadgetBlog,Body,Corps,text,#idBlogPostEditorFieldContainer > div > table > tbody > tr > td.left > div > strong > strong,,
WaGadgetBlog,Cancel,Annuler,button,#FunctionalBlock1_ctl00_blogPostEdit_cancel,,
WaGadgetBlog,Cancel,Annuler,button,#FunctionalBlock1_ctl00_blogPostView_blogEntry_blogCommentEdit_Cancel,,Reply
WaGadgetBlog,Comment,Commentaire,text,#idDivBlogCommentFieldsContainer > div:nth-child(2) > div > table > tbody > tr > td.left > div > strong,,Reply
WaGadgetBlog,Comments,Commentaires,text,.boxFooterPrimaryContainer a:contains(Comments),,List
,,,,,,
WaGadgetBlog,Creating new entry,Créer une nouvelle entrée,inactive,h4.boxHeaderTitle,,
,,,,,,
WaGadgetBlog,Date/Time ,Date / heure,text,#idPostEditFormContentContainer div.generalFieldsContainer > div:nth-child(3) > div > table > tbody > tr > td.left > div > div > strong,,
WaGadgetBlog,Post,Publier,button,#FunctionalBlock1_ctl00_blogPostEdit_post,,
WaGadgetBlog,Post,Publier,button,#FunctionalBlock1_ctl00_blogPostView_blogEntry_blogCommentEdit_PostComment,,Reply
WaGadgetBlog,Read more,Lire la suite,text,.boxFooterPrimaryContainer a:contains(Read more),,List
WaGadgetBlog,Subject,Sujet,text,#idPostEditFormContentContainer div.generalFieldsContainer > div:nth-child(4) > div > table > tbody > tr > td.left > div > strong,,
,,,,,,
,,,,,,
INVOICES AND PAYMENTS,,,,,,
Footer - Privacy Notice Link,Privacy Notice,Avis de confidentialité,text,#id_7ZUFm8r > div > div > p > a,,
Invoice and Payments,Balance due,Solde dû,replace,#idTopButtonsContainer>div.topButtonsContainer>div>div>div>div>div>div>div>div.d8>div>div>span,,
Invoice and Payments,Balance due,Solde dû,replace,#invoiceListTopMessageHeaderId,,
,,,,,,
,,,,#id_55237285 > td.itemDescription.memberDirectoryColumn2 > div:nth-child(2),,
,,,,,,
Invoice and Payments,Pay online ,Payer en ligne,button,#payOnlineButton,,
Invoice and Payments,Date,Date,text,#membersTable>thead>tr>th.firstTh,,
Invoice and Payments,Transaction,Transaction,text,#membersTable>thead>tr>th.invoiceNumber,,
Invoice and Payments,Balance due,Solde dû:,text,#membersTable>thead>tr>th.lastTh.rightAlign.status>span,,
Invoice and Payments,Invoice,Facture,replace,#membersTable,,
Invoice and Payments,Invoice,Facture,replace,#idMemberInvoiceDetailsForm>h1,,
,,,,,,
Invoice and Payments,Balance due:,Solde dû:,replace,#invoiceTopMessageHeaderId,,
,,,,,,
Invoice and Payments,Item,Item,text,#membersTable>thead>tr>th.memberDirectoryColumn1,,
Invoice and Payments,Amount,Montant,text,#membersTable > thead > tr > th.memberDirectoryColumn3.right,,
Invoice and Payments,Invoice total,Total de la facture,text,#membersTable > tbody > tr.totalRow > td.memberDirectoryColumn1.right,,
Invoice and Payments,Date,Date,text,#idMemberInvoiceDetailsForm>div.formContainer>div>div.sectionOuterContainer>div>div>div>div>div>div>div>div>div.d8>div>div>div:nth-child(4)>div>div.fieldLabel>span,,
Invoice and Payments Details,Invoice ,Invoice ,,#idMemberInvoiceDetailsForm>div.formContainer>div>div.sectionOuterContainer>div>div>div>div>div>div>div>div>div.d8>div>div>div:nth-child(3)>div>div.fieldLabel>span,,
Invoice and Payments Details,If you make a payment and your application is rejected we will refund your payment. ,"Si vous faites un paiement et que votre application est rejetée, nous allons rembourser votre paiement.",replace,#topMessageBoxDiv>div>div>div.cww-inner>div>div.text,,
Invoice and Payments,If you make a payment and your application is rejected we will refund your payment. ,"Si vous faites un paiement et que votre application est rejetée, nous allons rembourser votre paiement.",replace,#paymentInstructionsBoxGroup,,
Membership Become A Member Confirming (835),If you make a payment and your application is rejected we will refund your payment.,"Si vous faites un paiement et que votre application est rejetée, nous allons vous rembourser.",replace,.WaGadgetContactProfileStateFinances .genericListTable tr td,,
Sys/Profile/Finances/memberId/Profile/Finances,If you make a payment and your application is rejected we will refund your payment.,"Si vous faites un paiement et que votre application est rejetée, nous allons vous rembourser.",inactive,#membersTable>tbody>tr.bottomRow>td,,
,or pay offline,ou payer hors ligne,replace,#payButtonsMessageBoxGroup,,
,,,,,,
WaGadgetFinDocument,Amount,Montant,text,div.fieldLabel > span:contains(Amount),,Invoice
WaGadgetFinDocument,Amount,Montant,text,#membersTable > thead > tr > th.memberDirectoryColumn3.right,,Invoice
WaGadgetFinDocument,Date/Time ,Date / heure,text,div.fieldLabel > span:contains(Date),,Invoice
WaGadgetFinDocument,Event registration,Inscription à l'événement,text,#idMemberInvoiceDetailsForm > div.formContainer > div > div.sectionOuterContainer > div > div > div > div > div > div > div > div > div.d8 > div > div > div:nth-child(5) > div > div.fieldBody > span > a,,Invoice
WaGadgetFinDocument,Invoice #,Facture #,text,div.fieldLabel > span:contains(Invoice #),,Invoice
WaGadgetFinDocument,Invoice details,Détails de la facture,text,h4:contains(Invoice details),,Invoice
WaGadgetFinDocument,Invoice total,Total de la facture,text,#membersTable > tbody > tr.totalRow > td.memberDirectoryColumn1.right,,Invoice
WaGadgetFinDocument,Invoiced to,Facturé à,text,div.fieldLabel > span:contains(Invoiced to),,Invoice
WaGadgetFinDocument,Item,Article,text,#membersTable > thead > tr > th.memberDirectoryColumn1,,Invoice
WaGadgetFinDocument,Origin,Origine,text,div.fieldLabel > span:contains(Origin),,Invoice
WaGadgetFinDocument,Waiting for payment,En attente de paiement,text,#topMessageBoxDiv > div > div > div.cww-inner > div > div:nth-child(3):contains(Waiting for payment),,Invoice
,,,,,,
,,,,,,
FORUM,,,,,,
WaGadgetForum,Attachments ,Pièces jointes,text,#idEditModeAttachmentsContainer > div > table > tbody > tr > td.left > div,,Create
WaGadgetForum,Author,Auteur,text,#idForumEditEntryBoxContainer #idAuthorLabelContainer > div > div.fieldLabel,,Create
WaGadgetForum,Back to top,Retour en haut de la page,text,#FunctionalBlock1_ctl00_messageList_topLink,,MessageList
WaGadgetForum,Back to topics ,Retour aux thèmes,text,#FunctionalBlock1_ctl00_messageList_mainForumTitle_backLink,,Create
WaGadgetForum,Body,Corps,text,#idForumEntryEditorFieldContainer > div > table > tbody > tr > td.left > div > strong,,Create
WaGadgetForum,Cancel,Annuler,button,#FunctionalBlock1_ctl00_entryEdit_controlButtons_CancelButton,,Create
WaGadgetForum,Choose files,Choisir des fichiers,text,#idAttachmentsContainer > div.attachmentsUploadContainer > label,,Create
WaGadgetForum,Create topic,Créer un thème,button,#FunctionalBlock1_ctl00_topicList_addTopicTop,,ForumList
WaGadgetForum,Create topic,Créer un thème,button,#FunctionalBlock1_ctl00_topicList_addTopicBottom,,MessageList
WaGadgetForum,Create/Post,Créer / Publier,button,#FunctionalBlock1_ctl00_entryEdit_controlButtons_SaveButton,,Create
WaGadgetForum,Creating new topic,Créer un nouveau thème,text,#idForumEditEntryBoxContainer h4:contains(Creating new topic),,Create
WaGadgetForum,Daily,Quotidiennement,text,#FunctionalBlock1_ctl00_entryEdit_SubscriptionOptions_periodCheckBox > option:nth-child(1),,Create
WaGadgetForum,Delete,Supprimer,text,#FunctionalBlock1_ctl00_messageList_idSelectActionDropDown > option:nth-child(5),,MessageList
WaGadgetForum,Delete,Supprimer,text,#FunctionalBlock1_ctl00_messageList_messages_ctl01_forumMessage_deleteLink > span,,Edit
WaGadgetForum,Edit,Modifier,text,#FunctionalBlock1_ctl00_messageList_messages_ctl01_forumMessage_edit > span,,Edit
WaGadgetForum,Edit profile,Modifier le profil,text,#FunctionalBlock1_ctl00_messageList_idSelectActionDropDown > option:nth-child(2),,MessageList
WaGadgetForum,Forum,Forum,text,td.forumListHeaderTD.threadTD h4,,ForumList
WaGadgetForum,Immediately,Immédiatement,text,#FunctionalBlock1_ctl00_entryEdit_SubscriptionOptions_periodCheckBox > option:nth-child(3),,Create
WaGadgetForum,Last message ,Dernier message,text,td.topicListHeaderTD.lastReplyTD h4,,MessageList
WaGadgetForum,Last message ,Dernier message,text,td.forumListHeaderTD.lastReplyTD h4,,ForumList
WaGadgetForum,Merge,Fusionner,text,#FunctionalBlock1_ctl00_messageList_idSelectActionDropDown > option:nth-child(3),,MessageList
WaGadgetForum,Move,Déplacer,text,#FunctionalBlock1_ctl00_messageList_idSelectActionDropDown > option:nth-child(4),,MessageList
WaGadgetForum,Move,Déplacer,text,#FunctionalBlock1_ctl00_messageList_messages_ctl01_forumMessage_move > span,,Edit
WaGadgetForum,Replies ,Réponses,text,td.topicListHeaderTD.repliesCountTD h4,,MessageList
WaGadgetForum,Replies ,Réponses,text,td.forumListHeaderTD.repliesCountTD h4,,ForumList
WaGadgetForum,Reply,Répondre,button,#FunctionalBlock1_ctl00_messageList_replyTop,,Create
WaGadgetForum,Reply,Répondre,button,#FunctionalBlock1_ctl00_messageList_replyBottom,,Create
WaGadgetForum,Select action...,Sélectionner une action…,text,#FunctionalBlock1_ctl00_messageList_idSelectActionDropDown > option:nth-child(1),,MessageList
WaGadgetForum,Show latest replies on top ,Afficher les dernières réponses en haut,text,#FunctionalBlock1_ctl00_messageList_sortOrderLinkButton,,MessageList
WaGadgetForum,Stick topic to top of forum ,Insérer le sujet en haut du forum,text,#FunctionalBlock1_ctl00_entryEdit_MessageEditHtml1_stickiness_stickinessList > div > span.label > label > span,,Create
WaGadgetForum,Stick until,Insérer jusqu'à,text,#idStickinessLabelContainer > div > div.fieldBody > span.stickinessForumLabelDate,,Create
WaGadgetForum,Subject,Sujet,text,#idForumEditEntryBoxContainer strong:contains(Subject),,Create
WaGadgetForum,Subscribe to forum ,S'abonner au forum,text,#FunctionalBlock1_ctl00_topicList_subsctibeLinkText,,ForumList
WaGadgetForum,Subscribe to topic,S'abonner au thème,text,#FunctionalBlock1_ctl00_messageList_subsctibeLinkText,,MessageList
WaGadgetForum,Subscribe to topic ,S'abonner au thème,text,#idForumSubscribeOptionCheckbox > label,,Create
WaGadgetForum,Subscribed (Unsubscribe) ,Abonné(e) (Se désabonner),text,#FunctionalBlock1_ctl00_topicList_unsubsctibeLinkText,,ForumList
WaGadgetForum,Topic ,Thème,text,td.topicListHeaderTD.threadTD h4,,MessageList
WaGadgetForum,Topics,Thèmes,text,td.forumListHeaderTD.topicsCountTD h4,,ForumList
WaGadgetForum,Subscribed (Unsubscribe) ,Abonné(e) (Se désabonner),text,#FunctionalBlock1_ctl00_messageList_unsubsctibeLinkText,,MessageList
WaGadgetForum,Weekly,Hebdomadairement,text,#FunctionalBlock1_ctl00_entryEdit_SubscriptionOptions_periodCheckBox > option:nth-child(2),,Create
WaGadgetForum,You can upload up to 20 files. Each file should be less than 20 MB.,Vous pouvez télécharger jusqu'à 20 fichiers. Chaque fichier doit faire moins de 20 MB.,text,#idAttachmentsContainer > div.attachmentsUploadContainer > div,,Create
,,,,,,
,,,,,,
PHOTO ALBUM,,,,,,
WaGadgetPhotoAlbum,Cancel,Annuler,button,#cancelButton,,
WaGadgetPhotoAlbum,Cancel,Annuler,button,#FunctionalBlock1_ctl00_SinglePhoto_CancelUpdateCaptonButton,,
WaGadgetPhotoAlbum,Save,Sauvegarder,button,#FunctionalBlock1_ctl00_SinglePhoto_SaveCaptionButton,,
WaGadgetPhotoAlbum,Upload,Télécharger,text,#idPhotoAlbumMainSectionContainer > div,,
WaGadgetPhotoAlbum,Upload,Télécharger,button,#uploadButton,,
WaGadgetPhotoAlbum,Upload photos,Télécharger des photos,text,#idDialogTitleText_PhotoAlbumsDialog_UploadPhotosDialog,,
,,,,,,
POLL,,,,,,
WaGadgetPoll,Details,Détails,text,div.pollDetails > h2,,
WaGadgetPoll,Go to home page,Aller à la page d'accueil,text,div.bottomBlock > a:contains(Go to home page),,
WaGadgetPoll,Open from,Ouvrir,replace,form > div.date,,
WaGadgetPoll,Submit,Soumettre,button,".WaGadgetPoll input[type=""submit""]",,
WaGadgetPoll,You have already voted. Below are your voting details.,Vous avez déjà voté. Vous trouverez ci-dessous les détails relatifs à votre vote.,text,div.noticeBox.boxTypeInfo > div:contains(You have already voted),,
WaGadgetPoll,Your member profile details will be recorded when you submit this form,Les détails de votre profil de membre seront enregistrés lorsque vous soumettrez ce formulaire,text,form > div.bottomLine > span:contains(Your member profile details will be recorded when you submit this form),,
,,,,,,
SITE SEARCH WEBSITE,,,,,,
WaGadgetSiteSearchResults,Blogs,Les blogs,text,.categories > div > div:nth-child(2) > label,,
WaGadgetSiteSearchResults,Content type:,Type de contenu:,text,.categories > a > span,,
WaGadgetSiteSearchResults,Forums,Les forums,text,.categories > div > div:nth-child(3) > label,,
WaGadgetSiteSearchResults,Page contents ,Contenu de la page,text,.categories > div > div:nth-child(1) > label,,
WaGadgetSiteSearchResults,Search,Chercher,text,.WaGadgetSiteSearchResults > div > div.searchControls > span.label,,
WaGadgetSubscriptionForm,Back,Retour,text,#FunctionalBlock1_ctl00_prev,,
WaGadgetOnly,Enter search string,Entrez un critère de recherche,placeholder,input.searchBoxField,,Header
,,,,,,
MISC STRINGS,,,,,,
WaGadgetOnly,Featured member,Membre vedette,text, div.gadgetStyleTitle > h4:contains(Featured member),,
WaGadgetOnly,Learn more,En apprendre plus,text, div.gadgetStyleTitle > h4:contains(Learn more),,
WaGadgetOnly,Recent forum updates,Dernières mises à jour du forum,text, div.gadgetStyleTitle > h4:contains(Recent forum updates),,
WaGadgetOnly,Recent News,Nouvelles récentes,text, div.gadgetStyleTitle > h4:contains(Recent news),,
WaGadgetOnly,Upcoming events,Événements à venir,text, div.gadgetStyleTitle > h4:contains(Upcoming events),,
WaGadgetOnly,View member directory,Voir le répertoire des membres,text,a:contains(View member directory),,
WaGadgetUnsubscribeFromEmails,By clicking Submit you will unsubscribe the following addresses from receiving our emails: ,"En cliquant sur Soumettre, vous allez désabonner les adresses suivantes de recevoir nos courriels:",text,.WaGadgetUnsubscribeFromEmails > p:nth-child(1),,
WaGadgetUnsubscribeFromEmails,Submit,Soumettre,button,#ctl00_ContentArea_ConfirmBtn,,
,,,,,,
TERMS OF USE,,,,,,
WaGadgetTermsOfUse,Cancel,Annuler,button,#ctl00_ContentArea_cancelButton,,
WaGadgetTermsOfUse,Continue,Continuer,button,#ctl00_ContentArea_submitButton,,
WaGadgetTermsOfUse,I agree to the terms of use for this software ,J'accepte les conditions d'utilisation de ce logiciel,text,#ctl00_ContentArea_termsOfUse_lblTermsOfUse > span:nth-child(1),,
WaGadgetTermsOfUse,To log in you must agree to the terms of use ,"Pour vous connecter, vous devez accepter les conditions d'utilisation",text,#ctl00_ContentArea_termsOfUse_acceptedValidator,,
Sys/Agree to terms of use link,"I agree to the terms of use for Wild Apricotâ€™s websites, mobile apps, and services ","J'accepte les termes et conditions des sites webs, des applications et des services de Wild Apricot.",text,#ctl00_ContentArea_termsOfUse_lblTermsOfUse > span:nth-child(1),,
Sys/Agree to terms of use link,I agree to the terms of use ,J'accepte les,inactive,#ctl00_ContentArea_termsOfUse_lblTermsOfUse,,
Sys/Agree to terms of use link,terms of use,termes et conditions,inactive,#aTermsOfUse,,
,,,,,,
,,,,,,
LOGIN FORM,,,,,,
WaGadgetLoginForm,Email,Adresse e-mail,placeholder,.emailTextBoxControl,,
WaGadgetLoginForm,Password,Mot de passe,placeholder,.passwordTextBoxControl,,
WaGadgetLoginForm,Remember me,Se souvenir de moi,text,.loginActionRememberMe > label,,
WaGadgetLoginForm,Log in,Se connecter,button,.loginButton,,
WaGadgetLoginForm,Forgot password,Mot de passe oublié,text,.loginPasswordForgot > a,,
